stripped_name,cellosaurus_ac,matched_name,tp53_status,tp53_mutations,source
AU565,CVCL_1074,AU565,MUT,p.Arg175His (c.524G>A),Cellosaurus
BT20,CVCL_0178,BT-20,MUT,p.Lys132Gln (c.394A>C),Cellosaurus
BT474,CVCL_0179,BT-474,MUT,p.Glu285Lys (c.853G>A),Cellosaurus
BT483,CVCL_2319,BT-483,MUT,p.Met246Ile (c.738G>A),Cellosaurus
BT549,CVCL_1092,BT-549,MUT,p.Arg249Ser (c.747G>C),Cellosaurus
CAL51,CVCL_1110,CAL-51,WT,,Cellosaurus
CAL851,CVCL_1114,CAL-85-1,MUT,p.Lys132Glu (c.394A>G),Cellosaurus
CAMA1,CVCL_1115,CAMA-1,MUT,p.Arg280Thr (c.839G>C),Cellosaurus
DU4475,CVCL_1183,DU4475,WT,,Cellosaurus
EFM19,CVCL_0253,EFM-19,MUT,p.His193Arg (c.578A>G),Cellosaurus
EVSAT,CVCL_1207,Evsa-T,MUT,p.Ser241Cys (c.722C>G),Cellosaurus
HCC1143,CVCL_1245,HCC1143,MUT,p.Arg248Gln (c.743G>A),Cellosaurus
HCC1187,CVCL_1247,HCC1187,MUT,p.Gly108del (c.322_324delGGT),Cellosaurus
HCC1500,CVCL_1254,HCC1500,WT,,Cellosaurus
HCC1937,CVCL_0290,HCC1937,MUT,p.Arg306Ter (c.916C>T),Cellosaurus
HCC1954,CVCL_1259,HCC1954,MUT,p.Tyr163Cys (c.488A>G),Cellosaurus
HCC38,CVCL_1267,HCC38,MUT,p.Arg273Leu (c.818G>T),Cellosaurus
HCC70,CVCL_1270,HCC70,MUT,p.Arg248Gln (c.743G>A),Cellosaurus
HDQP1,CVCL_2067,HDQ-P1,MUT,p.Arg213Ter (c.637C>T),Cellosaurus
HS578T,CVCL_0332,Hs 578T,MUT,p.Val157Phe (c.469G>T),Cellosaurus
JIMT1,CVCL_2077,JIMT-1,MUT,p.Arg248Trp (c.742C>T),Cellosaurus
KPL1,CVCL_2094,KPL-1,WT,,Cellosaurus
MCF12A,CVCL_3744,MCF-12A,WT,,Cellosaurus
MCF7,CVCL_1D32,MCF7 AREc32,WT,,Cellosaurus
MDAMB361,CVCL_0620,MDA-MB-361,MUT,p.Glu56Ter (c.166G>T),Cellosaurus
MDAMB415,CVCL_0621,MDA-MB-415,MUT,p.Tyr236Cys (c.707A>G),Cellosaurus
MDAMB436,CVCL_0623,MDA-MB-436,MUT,p.Glu204fs*7 (c.610_612delinsGCGTGTGG),Cellosaurus
MDAMB453,CVCL_0418,MDA-MB-453,MUT,Ex10-11del,Cellosaurus
MDAMB468,CVCL_0419,MDA-MB-468,MUT,p.Arg273His (c.818G>A),Cellosaurus
MX1,CVCL_4774,MX-1,MUT,p.Gln52Valfs*3 (c.154_158delCAATG),Cellosaurus
T47D,CVCL_0553,T-47D,MUT,p.Leu194Phe (c.580C>T),Cellosaurus
ZR751,CVCL_0588,ZR-75-1,WT,,Cellosaurus
